,mean,std,params
168,0.774811478627826,0.009667946496445557,"{'C': 0.3, 'gamma': 0.001, 'kernel': 'rbf'}"
204,0.7743991504581923,0.014146235742562675,"{'C': 1, 'gamma': 0.01, 'kernel': 'rbf'}"
189,0.7741932194023784,0.007251169820038503,"{'C': 0.3, 'gamma': 10, 'kernel': 'rbf'}"
180,0.7741932194023784,0.007251169820038503,"{'C': 0.3, 'gamma': 0.3, 'kernel': 'rbf'}"
183,0.7741932194023784,0.007251169820038503,"{'C': 0.3, 'gamma': 1, 'kernel': 'rbf'}"
192,0.7741932194023784,0.007251169820038503,"{'C': 0.3, 'gamma': 100, 'kernel': 'rbf'}"
177,0.7741932194023784,0.007251169820038503,"{'C': 0.3, 'gamma': 0.1, 'kernel': 'rbf'}"
186,0.7741932194023784,0.007251169820038503,"{'C': 0.3, 'gamma': 3, 'kernel': 'rbf'}"
195,0.7741932194023784,0.007251169820038503,"{'C': 0.3, 'gamma': 1000, 'kernel': 'rbf'}"
174,0.7741932194023784,0.007251169820038503,"{'C': 0.3, 'gamma': 0.03, 'kernel': 'rbf'}"
171,0.7741932194023784,0.007251169820038503,"{'C': 0.3, 'gamma': 0.01, 'kernel': 'rbf'}"
246,0.7726125844064348,0.01418877764424414,"{'C': 3, 'gamma': 0.3, 'kernel': 'rbf'}"
216,0.7726125844064348,0.01418877764424414,"{'C': 1, 'gamma': 1, 'kernel': 'rbf'}"
228,0.7726125844064348,0.01418877764424414,"{'C': 1, 'gamma': 1000, 'kernel': 'rbf'}"
213,0.7726125844064348,0.01418877764424414,"{'C': 1, 'gamma': 0.3, 'kernel': 'rbf'}"
249,0.7726125844064348,0.01418877764424414,"{'C': 3, 'gamma': 1, 'kernel': 'rbf'}"
225,0.7726125844064348,0.01418877764424414,"{'C': 1, 'gamma': 100, 'kernel': 'rbf'}"
207,0.7726125844064348,0.01418877764424414,"{'C': 1, 'gamma': 0.03, 'kernel': 'rbf'}"
210,0.7726125844064348,0.01418877764424414,"{'C': 1, 'gamma': 0.1, 'kernel': 'rbf'}"
279,0.7726125844064348,0.01418877764424414,"{'C': 10, 'gamma': 0.3, 'kernel': 'rbf'}"
243,0.7726125844064348,0.01418877764424414,"{'C': 3, 'gamma': 0.1, 'kernel': 'rbf'}"
258,0.7726125844064348,0.01418877764424414,"{'C': 3, 'gamma': 100, 'kernel': 'rbf'}"
282,0.7726125844064348,0.01418877764424414,"{'C': 10, 'gamma': 1, 'kernel': 'rbf'}"
255,0.7726125844064348,0.01418877764424414,"{'C': 3, 'gamma': 10, 'kernel': 'rbf'}"
276,0.7726125844064348,0.01418877764424414,"{'C': 10, 'gamma': 0.1, 'kernel': 'rbf'}"
222,0.7726125844064348,0.01418877764424414,"{'C': 1, 'gamma': 10, 'kernel': 'rbf'}"
342,0.7726125844064348,0.01418877764424414,"{'C': 1000, 'gamma': 0.1, 'kernel': 'rbf'}"
318,0.7726125844064348,0.01418877764424414,"{'C': 100, 'gamma': 3, 'kernel': 'rbf'}"
321,0.7726125844064348,0.01418877764424414,"{'C': 100, 'gamma': 10, 'kernel': 'rbf'}"
288,0.7726125844064348,0.01418877764424414,"{'C': 10, 'gamma': 10, 'kernel': 'rbf'}"
285,0.7726125844064348,0.01418877764424414,"{'C': 10, 'gamma': 3, 'kernel': 'rbf'}"
360,0.7726125844064348,0.01418877764424414,"{'C': 1000, 'gamma': 1000, 'kernel': 'rbf'}"
309,0.7726125844064348,0.01418877764424414,"{'C': 100, 'gamma': 0.1, 'kernel': 'rbf'}"
294,0.7726125844064348,0.01418877764424414,"{'C': 10, 'gamma': 1000, 'kernel': 'rbf'}"
252,0.7726125844064348,0.01418877764424414,"{'C': 3, 'gamma': 3, 'kernel': 'rbf'}"
312,0.7726125844064348,0.01418877764424414,"{'C': 100, 'gamma': 0.3, 'kernel': 'rbf'}"
327,0.7726125844064348,0.01418877764424414,"{'C': 100, 'gamma': 1000, 'kernel': 'rbf'}"
315,0.7726125844064348,0.01418877764424414,"{'C': 100, 'gamma': 1, 'kernel': 'rbf'}"
291,0.7726125844064348,0.01418877764424414,"{'C': 10, 'gamma': 100, 'kernel': 'rbf'}"
345,0.7726125844064348,0.01418877764424414,"{'C': 1000, 'gamma': 0.3, 'kernel': 'rbf'}"
348,0.7726125844064348,0.01418877764424414,"{'C': 1000, 'gamma': 1, 'kernel': 'rbf'}"
351,0.7726125844064348,0.01418877764424414,"{'C': 1000, 'gamma': 3, 'kernel': 'rbf'}"
354,0.7726125844064348,0.01418877764424414,"{'C': 1000, 'gamma': 10, 'kernel': 'rbf'}"
357,0.7726125844064348,0.01418877764424414,"{'C': 1000, 'gamma': 100, 'kernel': 'rbf'}"
324,0.7726125844064348,0.01418877764424414,"{'C': 100, 'gamma': 100, 'kernel': 'rbf'}"
261,0.7726125844064348,0.01418877764424414,"{'C': 3, 'gamma': 1000, 'kernel': 'rbf'}"
219,0.7726125844064348,0.01418877764424414,"{'C': 1, 'gamma': 3, 'kernel': 'rbf'}"
273,0.7723699899222674,0.013967994902801695,"{'C': 10, 'gamma': 0.03, 'kernel': 'rbf'}"
306,0.7723699899222674,0.013967994902801695,"{'C': 100, 'gamma': 0.03, 'kernel': 'rbf'}"
240,0.7723699899222674,0.013967994902801695,"{'C': 3, 'gamma': 0.03, 'kernel': 'rbf'}"
339,0.7723699899222674,0.013967994902801695,"{'C': 1000, 'gamma': 0.03, 'kernel': 'rbf'}"
237,0.771864079065947,0.013453043662595587,"{'C': 3, 'gamma': 0.01, 'kernel': 'rbf'}"
100,0.7714827316983558,0.002901881835873942,"{'C': 0.03, 'gamma': 0.0001, 'kernel': 'sigmoid'}"
336,0.7711812733552083,0.013308064548656476,"{'C': 1000, 'gamma': 0.01, 'kernel': 'rbf'}"
303,0.7711812733552083,0.013308064548656476,"{'C': 100, 'gamma': 0.01, 'kernel': 'rbf'}"
270,0.7711812733552083,0.013308064548656476,"{'C': 10, 'gamma': 0.01, 'kernel': 'rbf'}"
42,0.7710791540369247,0.0026745951692720158,"{'C': 0.001, 'gamma': 0.03, 'kernel': 'rbf'}"
36,0.7710791540369247,0.0026745951692720158,"{'C': 0.001, 'gamma': 0.001, 'kernel': 'rbf'}"
31,0.7710791540369247,0.0026745951692720158,"{'C': 0.0001, 'gamma': 1000, 'kernel': 'sigmoid'}"
57,0.7710791540369247,0.0026745951692720158,"{'C': 0.001, 'gamma': 10, 'kernel': 'rbf'}"
39,0.7710791540369247,0.0026745951692720158,"{'C': 0.001, 'gamma': 0.01, 'kernel': 'rbf'}"
37,0.7710791540369247,0.0026745951692720158,"{'C': 0.001, 'gamma': 0.001, 'kernel': 'sigmoid'}"
58,0.7710791540369247,0.0026745951692720158,"{'C': 0.001, 'gamma': 10, 'kernel': 'sigmoid'}"
94,0.7710791540369247,0.0026745951692720158,"{'C': 0.01, 'gamma': 100, 'kernel': 'sigmoid'}"
60,0.7710791540369247,0.0026745951692720158,"{'C': 0.001, 'gamma': 100, 'kernel': 'rbf'}"
34,0.7710791540369247,0.0026745951692720158,"{'C': 0.001, 'gamma': 0.0001, 'kernel': 'sigmoid'}"
61,0.7710791540369247,0.0026745951692720158,"{'C': 0.001, 'gamma': 100, 'kernel': 'sigmoid'}"
33,0.7710791540369247,0.0026745951692720158,"{'C': 0.001, 'gamma': 0.0001, 'kernel': 'rbf'}"
40,0.7710791540369247,0.0026745951692720158,"{'C': 0.001, 'gamma': 0.01, 'kernel': 'sigmoid'}"
49,0.7710791540369247,0.0026745951692720158,"{'C': 0.001, 'gamma': 0.3, 'kernel': 'sigmoid'}"
43,0.7710791540369247,0.0026745951692720158,"{'C': 0.001, 'gamma': 0.03, 'kernel': 'sigmoid'}"
55,0.7710791540369247,0.0026745951692720158,"{'C': 0.001, 'gamma': 3, 'kernel': 'sigmoid'}"
0,0.7710791540369247,0.0026745951692720158,"{'C': 0.0001, 'gamma': 0.0001, 'kernel': 'rbf'}"
54,0.7710791540369247,0.0026745951692720158,"{'C': 0.001, 'gamma': 3, 'kernel': 'rbf'}"
156,0.7710791540369247,0.0026745951692720158,"{'C': 0.1, 'gamma': 10, 'kernel': 'rbf'}"
150,0.7710791540369247,0.0026745951692720158,"{'C': 0.1, 'gamma': 1, 'kernel': 'rbf'}"
147,0.7710791540369247,0.0026745951692720158,"{'C': 0.1, 'gamma': 0.3, 'kernel': 'rbf'}"
144,0.7710791540369247,0.0026745951692720158,"{'C': 0.1, 'gamma': 0.1, 'kernel': 'rbf'}"
141,0.7710791540369247,0.0026745951692720158,"{'C': 0.1, 'gamma': 0.03, 'kernel': 'rbf'}"
138,0.7710791540369247,0.0026745951692720158,"{'C': 0.1, 'gamma': 0.01, 'kernel': 'rbf'}"
135,0.7710791540369247,0.0026745951692720158,"{'C': 0.1, 'gamma': 0.001, 'kernel': 'rbf'}"
99,0.7710791540369247,0.0026745951692720158,"{'C': 0.03, 'gamma': 0.0001, 'kernel': 'rbf'}"
132,0.7710791540369247,0.0026745951692720158,"{'C': 0.1, 'gamma': 0.0001, 'kernel': 'rbf'}"
126,0.7710791540369247,0.0026745951692720158,"{'C': 0.03, 'gamma': 100, 'kernel': 'rbf'}"
123,0.7710791540369247,0.0026745951692720158,"{'C': 0.03, 'gamma': 10, 'kernel': 'rbf'}"
120,0.7710791540369247,0.0026745951692720158,"{'C': 0.03, 'gamma': 3, 'kernel': 'rbf'}"
117,0.7710791540369247,0.0026745951692720158,"{'C': 0.03, 'gamma': 1, 'kernel': 'rbf'}"
114,0.7710791540369247,0.0026745951692720158,"{'C': 0.03, 'gamma': 0.3, 'kernel': 'rbf'}"
111,0.7710791540369247,0.0026745951692720158,"{'C': 0.03, 'gamma': 0.1, 'kernel': 'rbf'}"
108,0.7710791540369247,0.0026745951692720158,"{'C': 0.03, 'gamma': 0.03, 'kernel': 'rbf'}"
105,0.7710791540369247,0.0026745951692720158,"{'C': 0.03, 'gamma': 0.01, 'kernel': 'rbf'}"
129,0.7710791540369247,0.0026745951692720158,"{'C': 0.03, 'gamma': 1000, 'kernel': 'rbf'}"
153,0.7710791540369247,0.0026745951692720158,"{'C': 0.1, 'gamma': 3, 'kernel': 'rbf'}"
102,0.7710791540369247,0.0026745951692720158,"{'C': 0.03, 'gamma': 0.001, 'kernel': 'rbf'}"
93,0.7710791540369247,0.0026745951692720158,"{'C': 0.01, 'gamma': 100, 'kernel': 'rbf'}"
97,0.7710791540369247,0.0026745951692720158,"{'C': 0.01, 'gamma': 1000, 'kernel': 'sigmoid'}"
90,0.7710791540369247,0.0026745951692720158,"{'C': 0.01, 'gamma': 10, 'kernel': 'rbf'}"
88,0.7710791540369247,0.0026745951692720158,"{'C': 0.01, 'gamma': 3, 'kernel': 'sigmoid'}"
87,0.7710791540369247,0.0026745951692720158,"{'C': 0.01, 'gamma': 3, 'kernel': 'rbf'}"
85,0.7710791540369247,0.0026745951692720158,"{'C': 0.01, 'gamma': 1, 'kernel': 'sigmoid'}"
84,0.7710791540369247,0.0026745951692720158,"{'C': 0.01, 'gamma': 1, 'kernel': 'rbf'}"
96,0.7710791540369247,0.0026745951692720158,"{'C': 0.01, 'gamma': 1000, 'kernel': 'rbf'}"
82,0.7710791540369247,0.0026745951692720158,"{'C': 0.01, 'gamma': 0.3, 'kernel': 'sigmoid'}"
162,0.7710791540369247,0.0026745951692720158,"{'C': 0.1, 'gamma': 1000, 'kernel': 'rbf'}"
78,0.7710791540369247,0.0026745951692720158,"{'C': 0.01, 'gamma': 0.1, 'kernel': 'rbf'}"
76,0.7710791540369247,0.0026745951692720158,"{'C': 0.01, 'gamma': 0.03, 'kernel': 'sigmoid'}"
75,0.7710791540369247,0.0026745951692720158,"{'C': 0.01, 'gamma': 0.03, 'kernel': 'rbf'}"
73,0.7710791540369247,0.0026745951692720158,"{'C': 0.01, 'gamma': 0.01, 'kernel': 'sigmoid'}"
72,0.7710791540369247,0.0026745951692720158,"{'C': 0.01, 'gamma': 0.01, 'kernel': 'rbf'}"
70,0.7710791540369247,0.0026745951692720158,"{'C': 0.01, 'gamma': 0.001, 'kernel': 'sigmoid'}"
69,0.7710791540369247,0.0026745951692720158,"{'C': 0.01, 'gamma': 0.001, 'kernel': 'rbf'}"
81,0.7710791540369247,0.0026745951692720158,"{'C': 0.01, 'gamma': 0.3, 'kernel': 'rbf'}"
67,0.7710791540369247,0.0026745951692720158,"{'C': 0.01, 'gamma': 0.0001, 'kernel': 'sigmoid'}"
66,0.7710791540369247,0.0026745951692720158,"{'C': 0.01, 'gamma': 0.0001, 'kernel': 'rbf'}"
79,0.7710791540369247,0.0026745951692720158,"{'C': 0.01, 'gamma': 0.1, 'kernel': 'sigmoid'}"
45,0.7710791540369247,0.0026745951692720158,"{'C': 0.001, 'gamma': 0.1, 'kernel': 'rbf'}"
63,0.7710791540369247,0.0026745951692720158,"{'C': 0.001, 'gamma': 1000, 'kernel': 'rbf'}"
52,0.7710791540369247,0.0026745951692720158,"{'C': 0.001, 'gamma': 1, 'kernel': 'sigmoid'}"
46,0.7710791540369247,0.0026745951692720158,"{'C': 0.001, 'gamma': 0.1, 'kernel': 'sigmoid'}"
51,0.7710791540369247,0.0026745951692720158,"{'C': 0.001, 'gamma': 1, 'kernel': 'rbf'}"
48,0.7710791540369247,0.0026745951692720158,"{'C': 0.001, 'gamma': 0.3, 'kernel': 'rbf'}"
159,0.7710791540369247,0.0026745951692720158,"{'C': 0.1, 'gamma': 100, 'kernel': 'rbf'}"
30,0.7710791540369247,0.0026745951692720158,"{'C': 0.0001, 'gamma': 1000, 'kernel': 'rbf'}"
28,0.7710791540369247,0.0026745951692720158,"{'C': 0.0001, 'gamma': 100, 'kernel': 'sigmoid'}"
1,0.7710791540369247,0.0026745951692720158,"{'C': 0.0001, 'gamma': 0.0001, 'kernel': 'sigmoid'}"
3,0.7710791540369247,0.0026745951692720158,"{'C': 0.0001, 'gamma': 0.001, 'kernel': 'rbf'}"
4,0.7710791540369247,0.0026745951692720158,"{'C': 0.0001, 'gamma': 0.001, 'kernel': 'sigmoid'}"
6,0.7710791540369247,0.0026745951692720158,"{'C': 0.0001, 'gamma': 0.01, 'kernel': 'rbf'}"
7,0.7710791540369247,0.0026745951692720158,"{'C': 0.0001, 'gamma': 0.01, 'kernel': 'sigmoid'}"
9,0.7710791540369247,0.0026745951692720158,"{'C': 0.0001, 'gamma': 0.03, 'kernel': 'rbf'}"
10,0.7710791540369247,0.0026745951692720158,"{'C': 0.0001, 'gamma': 0.03, 'kernel': 'sigmoid'}"
91,0.7710791540369247,0.0026745951692720158,"{'C': 0.01, 'gamma': 10, 'kernel': 'sigmoid'}"
15,0.7710791540369247,0.0026745951692720158,"{'C': 0.0001, 'gamma': 0.3, 'kernel': 'rbf'}"
18,0.7710791540369247,0.0026745951692720158,"{'C': 0.0001, 'gamma': 1, 'kernel': 'rbf'}"
27,0.7710791540369247,0.0026745951692720158,"{'C': 0.0001, 'gamma': 100, 'kernel': 'rbf'}"
25,0.7710791540369247,0.0026745951692720158,"{'C': 0.0001, 'gamma': 10, 'kernel': 'sigmoid'}"
24,0.7710791540369247,0.0026745951692720158,"{'C': 0.0001, 'gamma': 10, 'kernel': 'rbf'}"
64,0.7710791540369247,0.0026745951692720158,"{'C': 0.001, 'gamma': 1000, 'kernel': 'sigmoid'}"
22,0.7710791540369247,0.0026745951692720158,"{'C': 0.0001, 'gamma': 3, 'kernel': 'sigmoid'}"
21,0.7710791540369247,0.0026745951692720158,"{'C': 0.0001, 'gamma': 3, 'kernel': 'rbf'}"
12,0.7710791540369247,0.0026745951692720158,"{'C': 0.0001, 'gamma': 0.1, 'kernel': 'rbf'}"
13,0.7710791540369247,0.0026745951692720158,"{'C': 0.0001, 'gamma': 0.1, 'kernel': 'sigmoid'}"
19,0.7710791540369247,0.0026745951692720158,"{'C': 0.0001, 'gamma': 1, 'kernel': 'sigmoid'}"
16,0.7710791540369247,0.0026745951692720158,"{'C': 0.0001, 'gamma': 0.3, 'kernel': 'sigmoid'}"
165,0.7700065115150505,0.011960406612398502,"{'C': 0.3, 'gamma': 0.0001, 'kernel': 'rbf'}"
103,0.7695427541366506,0.004202583021981494,"{'C': 0.03, 'gamma': 0.001, 'kernel': 'sigmoid'}"
109,0.7695427541366506,0.004202583021981494,"{'C': 0.03, 'gamma': 0.03, 'kernel': 'sigmoid'}"
106,0.7695427541366506,0.004202583021981494,"{'C': 0.03, 'gamma': 0.01, 'kernel': 'sigmoid'}"
115,0.768897948405044,0.0038124459903390367,"{'C': 0.03, 'gamma': 0.3, 'kernel': 'sigmoid'}"
112,0.768897948405044,0.0038124459903390367,"{'C': 0.03, 'gamma': 0.1, 'kernel': 'sigmoid'}"
127,0.768897948405044,0.0038124459903390367,"{'C': 0.03, 'gamma': 100, 'kernel': 'sigmoid'}"
124,0.768897948405044,0.0038124459903390367,"{'C': 0.03, 'gamma': 10, 'kernel': 'sigmoid'}"
121,0.768897948405044,0.0038124459903390367,"{'C': 0.03, 'gamma': 3, 'kernel': 'sigmoid'}"
130,0.768897948405044,0.0038124459903390367,"{'C': 0.03, 'gamma': 1000, 'kernel': 'sigmoid'}"
118,0.768897948405044,0.0038124459903390367,"{'C': 0.03, 'gamma': 1, 'kernel': 'sigmoid'}"
198,0.7675119558487692,0.01716861930186738,"{'C': 1, 'gamma': 0.0001, 'kernel': 'rbf'}"
201,0.7655046778201173,0.015968188809539208,"{'C': 1, 'gamma': 0.001, 'kernel': 'rbf'}"
133,0.7584813925067806,0.01337498500779201,"{'C': 0.1, 'gamma': 0.0001, 'kernel': 'sigmoid'}"
234,0.7484388584770282,0.03265560378820651,"{'C': 3, 'gamma': 0.001, 'kernel': 'rbf'}"
231,0.7465583088737724,0.02762287773992178,"{'C': 3, 'gamma': 0.0001, 'kernel': 'rbf'}"
267,0.7419604960593725,0.034994296835391576,"{'C': 10, 'gamma': 0.001, 'kernel': 'rbf'}"
151,0.7417068106758797,0.017664966064257978,"{'C': 0.1, 'gamma': 1, 'kernel': 'sigmoid'}"
163,0.7410311350002041,0.017199479632986736,"{'C': 0.1, 'gamma': 1000, 'kernel': 'sigmoid'}"
154,0.7410311350002041,0.017199479632986736,"{'C': 0.1, 'gamma': 3, 'kernel': 'sigmoid'}"
160,0.7410311350002041,0.017199479632986736,"{'C': 0.1, 'gamma': 100, 'kernel': 'sigmoid'}"
157,0.7410311350002041,0.017199479632986736,"{'C': 0.1, 'gamma': 10, 'kernel': 'sigmoid'}"
136,0.7391050126998183,0.02261377544604838,"{'C': 0.1, 'gamma': 0.001, 'kernel': 'sigmoid'}"
139,0.7389758405509992,0.0207316223662011,"{'C': 0.1, 'gamma': 0.01, 'kernel': 'sigmoid'}"
300,0.7387454180809558,0.04083116031039759,"{'C': 100, 'gamma': 0.001, 'kernel': 'rbf'}"
333,0.737920658975942,0.04141440997811021,"{'C': 1000, 'gamma': 0.001, 'kernel': 'rbf'}"
148,0.7334650733338541,0.02034974224973816,"{'C': 0.1, 'gamma': 0.3, 'kernel': 'sigmoid'}"
145,0.7328678935353445,0.01879990049238348,"{'C': 0.1, 'gamma': 0.1, 'kernel': 'sigmoid'}"
142,0.7309781238375685,0.0185726835654016,"{'C': 0.1, 'gamma': 0.03, 'kernel': 'sigmoid'}"
264,0.7257392056827576,0.026563411469919043,"{'C': 10, 'gamma': 0.0001, 'kernel': 'rbf'}"
297,0.6908638433498553,0.02925985229942734,"{'C': 100, 'gamma': 0.0001, 'kernel': 'rbf'}"
330,0.6798158984214107,0.04344445630742576,"{'C': 1000, 'gamma': 0.0001, 'kernel': 'rbf'}"
169,0.677351474529884,0.046372654833517275,"{'C': 0.3, 'gamma': 0.001, 'kernel': 'sigmoid'}"
184,0.6744431291664902,0.03657878923863413,"{'C': 0.3, 'gamma': 1, 'kernel': 'sigmoid'}"
196,0.673635108816348,0.03647154904150757,"{'C': 0.3, 'gamma': 1000, 'kernel': 'sigmoid'}"
190,0.673635108816348,0.03647154904150757,"{'C': 0.3, 'gamma': 10, 'kernel': 'sigmoid'}"
193,0.673635108816348,0.03647154904150757,"{'C': 0.3, 'gamma': 100, 'kernel': 'sigmoid'}"
187,0.673635108816348,0.03647154904150757,"{'C': 0.3, 'gamma': 3, 'kernel': 'sigmoid'}"
172,0.668610063005304,0.05062376595129062,"{'C': 0.3, 'gamma': 0.01, 'kernel': 'sigmoid'}"
181,0.6674209002263994,0.04734216282267374,"{'C': 0.3, 'gamma': 0.3, 'kernel': 'sigmoid'}"
178,0.6665553114627215,0.047736082550831276,"{'C': 0.3, 'gamma': 0.1, 'kernel': 'sigmoid'}"
175,0.6639823893476776,0.048718057043297236,"{'C': 0.3, 'gamma': 0.03, 'kernel': 'sigmoid'}"
217,0.6496027877245831,0.046545230369924244,"{'C': 1, 'gamma': 1, 'kernel': 'sigmoid'}"
229,0.648742983568863,0.04676568439852206,"{'C': 1, 'gamma': 1000, 'kernel': 'sigmoid'}"
226,0.648742983568863,0.04676568439852206,"{'C': 1, 'gamma': 100, 'kernel': 'sigmoid'}"
223,0.648742983568863,0.04676568439852206,"{'C': 1, 'gamma': 10, 'kernel': 'sigmoid'}"
220,0.648742983568863,0.04676568439852206,"{'C': 1, 'gamma': 3, 'kernel': 'sigmoid'}"
262,0.6478276197255426,0.04697638520271286,"{'C': 3, 'gamma': 1000, 'kernel': 'sigmoid'}"
253,0.6478276197255426,0.04697638520271286,"{'C': 3, 'gamma': 3, 'kernel': 'sigmoid'}"
259,0.6478276197255426,0.04697638520271286,"{'C': 3, 'gamma': 100, 'kernel': 'sigmoid'}"
286,0.6478276197255426,0.04697638520271286,"{'C': 10, 'gamma': 3, 'kernel': 'sigmoid'}"
295,0.6478276197255426,0.04697638520271286,"{'C': 10, 'gamma': 1000, 'kernel': 'sigmoid'}"
289,0.6478276197255426,0.04697638520271286,"{'C': 10, 'gamma': 10, 'kernel': 'sigmoid'}"
256,0.6478276197255426,0.04697638520271286,"{'C': 3, 'gamma': 10, 'kernel': 'sigmoid'}"
292,0.6478276197255426,0.04697638520271286,"{'C': 10, 'gamma': 100, 'kernel': 'sigmoid'}"
361,0.6478276197255426,0.04697638520271286,"{'C': 1000, 'gamma': 1000, 'kernel': 'sigmoid'}"
328,0.6478276197255426,0.04697638520271286,"{'C': 100, 'gamma': 1000, 'kernel': 'sigmoid'}"
355,0.6478276197255426,0.04697638520271286,"{'C': 1000, 'gamma': 10, 'kernel': 'sigmoid'}"
352,0.6478276197255426,0.04697638520271286,"{'C': 1000, 'gamma': 3, 'kernel': 'sigmoid'}"
319,0.6478276197255426,0.04697638520271286,"{'C': 100, 'gamma': 3, 'kernel': 'sigmoid'}"
322,0.6478276197255426,0.04697638520271286,"{'C': 100, 'gamma': 10, 'kernel': 'sigmoid'}"
325,0.6478276197255426,0.04697638520271286,"{'C': 100, 'gamma': 100, 'kernel': 'sigmoid'}"
358,0.6478276197255426,0.04697638520271286,"{'C': 1000, 'gamma': 100, 'kernel': 'sigmoid'}"
349,0.6469678155698226,0.04716247385518659,"{'C': 1000, 'gamma': 1, 'kernel': 'sigmoid'}"
283,0.6469678155698226,0.04716247385518659,"{'C': 10, 'gamma': 1, 'kernel': 'sigmoid'}"
316,0.6469678155698226,0.04716247385518659,"{'C': 100, 'gamma': 1, 'kernel': 'sigmoid'}"
250,0.6469678155698226,0.04716247385518659,"{'C': 3, 'gamma': 1, 'kernel': 'sigmoid'}"
202,0.6465515765844815,0.05252783166858895,"{'C': 1, 'gamma': 0.001, 'kernel': 'sigmoid'}"
205,0.6453478371244256,0.05519878410101644,"{'C': 1, 'gamma': 0.01, 'kernel': 'sigmoid'}"
271,0.6452449694688216,0.054919425149118885,"{'C': 10, 'gamma': 0.01, 'kernel': 'sigmoid'}"
238,0.6444295148286198,0.05564556188271393,"{'C': 3, 'gamma': 0.01, 'kernel': 'sigmoid'}"
214,0.6441249322467277,0.05168120692030736,"{'C': 1, 'gamma': 0.3, 'kernel': 'sigmoid'}"
235,0.6427441759469398,0.05580339721696238,"{'C': 3, 'gamma': 0.001, 'kernel': 'sigmoid'}"
346,0.6426750396228627,0.05219823574605704,"{'C': 1000, 'gamma': 0.3, 'kernel': 'sigmoid'}"
313,0.6426750396228627,0.05219823574605704,"{'C': 100, 'gamma': 0.3, 'kernel': 'sigmoid'}"
247,0.6426750396228627,0.05219823574605704,"{'C': 3, 'gamma': 0.3, 'kernel': 'sigmoid'}"
280,0.6426750396228627,0.05219823574605704,"{'C': 10, 'gamma': 0.3, 'kernel': 'sigmoid'}"
211,0.6424049130372442,0.051463551839378154,"{'C': 1, 'gamma': 0.1, 'kernel': 'sigmoid'}"
304,0.6423610791375388,0.05553947367882907,"{'C': 100, 'gamma': 0.01, 'kernel': 'sigmoid'}"
310,0.641489960091967,0.05196075081624168,"{'C': 100, 'gamma': 0.1, 'kernel': 'sigmoid'}"
277,0.641489960091967,0.05196075081624168,"{'C': 10, 'gamma': 0.1, 'kernel': 'sigmoid'}"
343,0.641489960091967,0.05196075081624168,"{'C': 1000, 'gamma': 0.1, 'kernel': 'sigmoid'}"
244,0.641489960091967,0.05196075081624168,"{'C': 3, 'gamma': 0.1, 'kernel': 'sigmoid'}"
208,0.6395311309359578,0.054709397519620555,"{'C': 1, 'gamma': 0.03, 'kernel': 'sigmoid'}"
340,0.6390747374127764,0.05386897641264334,"{'C': 1000, 'gamma': 0.03, 'kernel': 'sigmoid'}"
337,0.6389102303295473,0.05892237953342073,"{'C': 1000, 'gamma': 0.01, 'kernel': 'sigmoid'}"
307,0.6386709158821944,0.05434236941607692,"{'C': 100, 'gamma': 0.03, 'kernel': 'sigmoid'}"
274,0.6386709158821944,0.05434236941607692,"{'C': 10, 'gamma': 0.03, 'kernel': 'sigmoid'}"
241,0.6386709158821944,0.05434236941607692,"{'C': 3, 'gamma': 0.03, 'kernel': 'sigmoid'}"
268,0.6360211836400491,0.05922541168332986,"{'C': 10, 'gamma': 0.001, 'kernel': 'sigmoid'}"
301,0.6342007722255261,0.061972153767994115,"{'C': 100, 'gamma': 0.001, 'kernel': 'sigmoid'}"
334,0.6307915658075396,0.05994279579744422,"{'C': 1000, 'gamma': 0.001, 'kernel': 'sigmoid'}"
199,0.6080232893552522,0.031266147614309805,"{'C': 1, 'gamma': 0.0001, 'kernel': 'sigmoid'}"
331,0.6056527898597035,0.03477232446961479,"{'C': 1000, 'gamma': 0.0001, 'kernel': 'sigmoid'}"
298,0.6056527898597035,0.03477232446961479,"{'C': 100, 'gamma': 0.0001, 'kernel': 'sigmoid'}"
265,0.6047277036997181,0.03420754054407644,"{'C': 10, 'gamma': 0.0001, 'kernel': 'sigmoid'}"
232,0.6047277036997181,0.03420754054407644,"{'C': 3, 'gamma': 0.0001, 'kernel': 'sigmoid'}"
166,0.5866667087147877,0.047530882883016226,"{'C': 0.3, 'gamma': 0.0001, 'kernel': 'sigmoid'}"
2,,,"{'C': 0.0001, 'gamma': 0.0001, 'kernel': 'poly'}"
5,,,"{'C': 0.0001, 'gamma': 0.001, 'kernel': 'poly'}"
8,,,"{'C': 0.0001, 'gamma': 0.01, 'kernel': 'poly'}"
11,,,"{'C': 0.0001, 'gamma': 0.03, 'kernel': 'poly'}"
14,,,"{'C': 0.0001, 'gamma': 0.1, 'kernel': 'poly'}"
17,,,"{'C': 0.0001, 'gamma': 0.3, 'kernel': 'poly'}"
20,,,"{'C': 0.0001, 'gamma': 1, 'kernel': 'poly'}"
23,,,"{'C': 0.0001, 'gamma': 3, 'kernel': 'poly'}"
26,,,"{'C': 0.0001, 'gamma': 10, 'kernel': 'poly'}"
29,,,"{'C': 0.0001, 'gamma': 100, 'kernel': 'poly'}"
32,,,"{'C': 0.0001, 'gamma': 1000, 'kernel': 'poly'}"
35,,,"{'C': 0.001, 'gamma': 0.0001, 'kernel': 'poly'}"
38,,,"{'C': 0.001, 'gamma': 0.001, 'kernel': 'poly'}"
41,,,"{'C': 0.001, 'gamma': 0.01, 'kernel': 'poly'}"
44,,,"{'C': 0.001, 'gamma': 0.03, 'kernel': 'poly'}"
47,,,"{'C': 0.001, 'gamma': 0.1, 'kernel': 'poly'}"
50,,,"{'C': 0.001, 'gamma': 0.3, 'kernel': 'poly'}"
53,,,"{'C': 0.001, 'gamma': 1, 'kernel': 'poly'}"
56,,,"{'C': 0.001, 'gamma': 3, 'kernel': 'poly'}"
59,,,"{'C': 0.001, 'gamma': 10, 'kernel': 'poly'}"
62,,,"{'C': 0.001, 'gamma': 100, 'kernel': 'poly'}"
65,,,"{'C': 0.001, 'gamma': 1000, 'kernel': 'poly'}"
68,,,"{'C': 0.01, 'gamma': 0.0001, 'kernel': 'poly'}"
71,,,"{'C': 0.01, 'gamma': 0.001, 'kernel': 'poly'}"
74,,,"{'C': 0.01, 'gamma': 0.01, 'kernel': 'poly'}"
77,,,"{'C': 0.01, 'gamma': 0.03, 'kernel': 'poly'}"
80,,,"{'C': 0.01, 'gamma': 0.1, 'kernel': 'poly'}"
83,,,"{'C': 0.01, 'gamma': 0.3, 'kernel': 'poly'}"
86,,,"{'C': 0.01, 'gamma': 1, 'kernel': 'poly'}"
89,,,"{'C': 0.01, 'gamma': 3, 'kernel': 'poly'}"
92,,,"{'C': 0.01, 'gamma': 10, 'kernel': 'poly'}"
95,,,"{'C': 0.01, 'gamma': 100, 'kernel': 'poly'}"
98,,,"{'C': 0.01, 'gamma': 1000, 'kernel': 'poly'}"
101,,,"{'C': 0.03, 'gamma': 0.0001, 'kernel': 'poly'}"
104,,,"{'C': 0.03, 'gamma': 0.001, 'kernel': 'poly'}"
107,,,"{'C': 0.03, 'gamma': 0.01, 'kernel': 'poly'}"
110,,,"{'C': 0.03, 'gamma': 0.03, 'kernel': 'poly'}"
113,,,"{'C': 0.03, 'gamma': 0.1, 'kernel': 'poly'}"
116,,,"{'C': 0.03, 'gamma': 0.3, 'kernel': 'poly'}"
119,,,"{'C': 0.03, 'gamma': 1, 'kernel': 'poly'}"
122,,,"{'C': 0.03, 'gamma': 3, 'kernel': 'poly'}"
125,,,"{'C': 0.03, 'gamma': 10, 'kernel': 'poly'}"
128,,,"{'C': 0.03, 'gamma': 100, 'kernel': 'poly'}"
131,,,"{'C': 0.03, 'gamma': 1000, 'kernel': 'poly'}"
134,,,"{'C': 0.1, 'gamma': 0.0001, 'kernel': 'poly'}"
137,,,"{'C': 0.1, 'gamma': 0.001, 'kernel': 'poly'}"
140,,,"{'C': 0.1, 'gamma': 0.01, 'kernel': 'poly'}"
143,,,"{'C': 0.1, 'gamma': 0.03, 'kernel': 'poly'}"
146,,,"{'C': 0.1, 'gamma': 0.1, 'kernel': 'poly'}"
149,,,"{'C': 0.1, 'gamma': 0.3, 'kernel': 'poly'}"
152,,,"{'C': 0.1, 'gamma': 1, 'kernel': 'poly'}"
155,,,"{'C': 0.1, 'gamma': 3, 'kernel': 'poly'}"
158,,,"{'C': 0.1, 'gamma': 10, 'kernel': 'poly'}"
161,,,"{'C': 0.1, 'gamma': 100, 'kernel': 'poly'}"
164,,,"{'C': 0.1, 'gamma': 1000, 'kernel': 'poly'}"
167,,,"{'C': 0.3, 'gamma': 0.0001, 'kernel': 'poly'}"
170,,,"{'C': 0.3, 'gamma': 0.001, 'kernel': 'poly'}"
173,,,"{'C': 0.3, 'gamma': 0.01, 'kernel': 'poly'}"
176,,,"{'C': 0.3, 'gamma': 0.03, 'kernel': 'poly'}"
179,,,"{'C': 0.3, 'gamma': 0.1, 'kernel': 'poly'}"
182,,,"{'C': 0.3, 'gamma': 0.3, 'kernel': 'poly'}"
185,,,"{'C': 0.3, 'gamma': 1, 'kernel': 'poly'}"
188,,,"{'C': 0.3, 'gamma': 3, 'kernel': 'poly'}"
191,,,"{'C': 0.3, 'gamma': 10, 'kernel': 'poly'}"
194,,,"{'C': 0.3, 'gamma': 100, 'kernel': 'poly'}"
197,,,"{'C': 0.3, 'gamma': 1000, 'kernel': 'poly'}"
200,,,"{'C': 1, 'gamma': 0.0001, 'kernel': 'poly'}"
203,,,"{'C': 1, 'gamma': 0.001, 'kernel': 'poly'}"
206,,,"{'C': 1, 'gamma': 0.01, 'kernel': 'poly'}"
209,,,"{'C': 1, 'gamma': 0.03, 'kernel': 'poly'}"
212,,,"{'C': 1, 'gamma': 0.1, 'kernel': 'poly'}"
215,,,"{'C': 1, 'gamma': 0.3, 'kernel': 'poly'}"
218,,,"{'C': 1, 'gamma': 1, 'kernel': 'poly'}"
221,,,"{'C': 1, 'gamma': 3, 'kernel': 'poly'}"
224,,,"{'C': 1, 'gamma': 10, 'kernel': 'poly'}"
227,,,"{'C': 1, 'gamma': 100, 'kernel': 'poly'}"
230,,,"{'C': 1, 'gamma': 1000, 'kernel': 'poly'}"
233,,,"{'C': 3, 'gamma': 0.0001, 'kernel': 'poly'}"
236,,,"{'C': 3, 'gamma': 0.001, 'kernel': 'poly'}"
239,,,"{'C': 3, 'gamma': 0.01, 'kernel': 'poly'}"
242,,,"{'C': 3, 'gamma': 0.03, 'kernel': 'poly'}"
245,,,"{'C': 3, 'gamma': 0.1, 'kernel': 'poly'}"
248,,,"{'C': 3, 'gamma': 0.3, 'kernel': 'poly'}"
251,,,"{'C': 3, 'gamma': 1, 'kernel': 'poly'}"
254,,,"{'C': 3, 'gamma': 3, 'kernel': 'poly'}"
257,,,"{'C': 3, 'gamma': 10, 'kernel': 'poly'}"
260,,,"{'C': 3, 'gamma': 100, 'kernel': 'poly'}"
263,,,"{'C': 3, 'gamma': 1000, 'kernel': 'poly'}"
266,,,"{'C': 10, 'gamma': 0.0001, 'kernel': 'poly'}"
269,,,"{'C': 10, 'gamma': 0.001, 'kernel': 'poly'}"
272,,,"{'C': 10, 'gamma': 0.01, 'kernel': 'poly'}"
275,,,"{'C': 10, 'gamma': 0.03, 'kernel': 'poly'}"
278,,,"{'C': 10, 'gamma': 0.1, 'kernel': 'poly'}"
281,,,"{'C': 10, 'gamma': 0.3, 'kernel': 'poly'}"
284,,,"{'C': 10, 'gamma': 1, 'kernel': 'poly'}"
287,,,"{'C': 10, 'gamma': 3, 'kernel': 'poly'}"
290,,,"{'C': 10, 'gamma': 10, 'kernel': 'poly'}"
293,,,"{'C': 10, 'gamma': 100, 'kernel': 'poly'}"
296,,,"{'C': 10, 'gamma': 1000, 'kernel': 'poly'}"
299,,,"{'C': 100, 'gamma': 0.0001, 'kernel': 'poly'}"
302,,,"{'C': 100, 'gamma': 0.001, 'kernel': 'poly'}"
305,,,"{'C': 100, 'gamma': 0.01, 'kernel': 'poly'}"
308,,,"{'C': 100, 'gamma': 0.03, 'kernel': 'poly'}"
311,,,"{'C': 100, 'gamma': 0.1, 'kernel': 'poly'}"
314,,,"{'C': 100, 'gamma': 0.3, 'kernel': 'poly'}"
317,,,"{'C': 100, 'gamma': 1, 'kernel': 'poly'}"
320,,,"{'C': 100, 'gamma': 3, 'kernel': 'poly'}"
323,,,"{'C': 100, 'gamma': 10, 'kernel': 'poly'}"
326,,,"{'C': 100, 'gamma': 100, 'kernel': 'poly'}"
329,,,"{'C': 100, 'gamma': 1000, 'kernel': 'poly'}"
332,,,"{'C': 1000, 'gamma': 0.0001, 'kernel': 'poly'}"
335,,,"{'C': 1000, 'gamma': 0.001, 'kernel': 'poly'}"
338,,,"{'C': 1000, 'gamma': 0.01, 'kernel': 'poly'}"
341,,,"{'C': 1000, 'gamma': 0.03, 'kernel': 'poly'}"
344,,,"{'C': 1000, 'gamma': 0.1, 'kernel': 'poly'}"
347,,,"{'C': 1000, 'gamma': 0.3, 'kernel': 'poly'}"
350,,,"{'C': 1000, 'gamma': 1, 'kernel': 'poly'}"
353,,,"{'C': 1000, 'gamma': 3, 'kernel': 'poly'}"
356,,,"{'C': 1000, 'gamma': 10, 'kernel': 'poly'}"
359,,,"{'C': 1000, 'gamma': 100, 'kernel': 'poly'}"
362,,,"{'C': 1000, 'gamma': 1000, 'kernel': 'poly'}"
